"timestamp","platform","order_level","order_type","price","volume"
"2025-08-07 14:08:03.610","Binance",10,"Ask",116282,0.03185
"2025-08-07 14:08:03.610","Binance",9,"Ask",116281.84,0.29479
"2025-08-07 14:08:03.610","Binance",8,"Ask",116281.76,0.30971
"2025-08-07 14:08:03.610","Binance",7,"Ask",116281.62,0.00005
"2025-08-07 14:08:03.610","Binance",6,"Ask",116281.61,0.00005
"2025-08-07 14:08:03.610","Binance",5,"Ask",116281.57,0.00042
"2025-08-07 14:08:03.610","Binance",4,"Ask",116280,0.03205
"2025-08-07 14:08:03.610","Binance",3,"Ask",116279.99,0.00021
"2025-08-07 14:08:03.610","Binance",2,"Ask",116279.22,0.07215
"2025-08-07 14:08:03.610","Binance",1,"Ask",116279.16,10.64569
"2025-08-07 14:08:03.610","Binance",10,"Bid",116423.43,0.00015
"2025-08-07 14:08:03.610","Binance",9,"Bid",116423.44,0.00007
"2025-08-07 14:08:03.610","Binance",8,"Bid",116423.72,0.00005
"2025-08-07 14:08:03.610","Binance",7,"Bid",116423.73,0.00005
"2025-08-07 14:08:03.610","Binance",6,"Bid",116423.84,0.0001
"2025-08-07 14:08:03.610","Binance",5,"Bid",116424,0.0319
"2025-08-07 14:08:03.610","Binance",4,"Bid",116424.01,0.0001
"2025-08-07 14:08:03.610","Binance",3,"Bid",116424.7,0.00005
"2025-08-07 14:08:03.610","Binance",2,"Bid",116424.71,0.32291
"2025-08-07 14:08:03.610","Binance",1,"Bid",116424.72,8.95446
"2025-08-07 14:08:02.466","Binance",10,"Ask",116296.27,0.07036
"2025-08-07 14:08:02.466","Binance",9,"Ask",116296.17,0.04025
"2025-08-07 14:08:02.466","Binance",8,"Ask",116296.16,0.00015
"2025-08-07 14:08:02.466","Binance",7,"Ask",116296.15,0.18067
"2025-08-07 14:08:02.466","Binance",6,"Ask",116296.14,4.10199
"2025-08-07 14:08:02.466","Binance",5,"Ask",116296.13,4.26453
"2025-08-07 14:08:02.466","Binance",4,"Ask",116296.08,0.51585
"2025-08-07 14:08:02.466","Binance",3,"Ask",116296,0.0317
"2025-08-07 14:08:02.466","Binance",2,"Ask",116295.69,0.04299
"2025-08-07 14:08:02.466","Binance",1,"Ask",116295.13,11.10796
"2025-08-07 14:08:02.466","Binance",10,"Bid",116423.43,0.00015
"2025-08-07 14:08:02.466","Binance",9,"Bid",116423.44,0.00007
"2025-08-07 14:08:02.466","Binance",8,"Bid",116423.72,0.00005
"2025-08-07 14:08:02.466","Binance",7,"Bid",116423.73,0.00005
"2025-08-07 14:08:02.466","Binance",6,"Bid",116423.84,0.0001
"2025-08-07 14:08:02.466","Binance",5,"Bid",116424,0.0319
"2025-08-07 14:08:02.466","Binance",4,"Bid",116424.01,0.0001
"2025-08-07 14:08:02.466","Binance",3,"Bid",116424.7,0.00005
"2025-08-07 14:08:02.466","Binance",2,"Bid",116424.71,0.32291
"2025-08-07 14:08:02.466","Binance",1,"Bid",116424.72,8.95446
"2025-08-07 14:05:20.860","Binance",10,"Ask",116299.8,0.01729
"2025-08-07 14:05:20.860","Binance",9,"Ask",116299.01,0.29484
"2025-08-07 14:05:20.860","Binance",8,"Ask",116299,0.62041
"2025-08-07 14:05:20.860","Binance",7,"Ask",116298.99,0.0002
"2025-08-07 14:05:20.860","Binance",6,"Ask",116298,0.03185
"2025-08-07 14:05:20.860","Binance",5,"Ask",116297.99,0.00046
"2025-08-07 14:05:20.860","Binance",4,"Ask",116297.98,0.00009
"2025-08-07 14:05:20.860","Binance",3,"Ask",116297.97,0.00009
"2025-08-07 14:05:20.860","Binance",2,"Ask",116297.4,0.51615
"2025-08-07 14:05:20.860","Binance",1,"Ask",116296.14,14.08631
"2025-08-07 14:05:20.860","Binance",10,"Bid",116423.43,0.00015
"2025-08-07 14:05:20.860","Binance",9,"Bid",116423.44,0.00007
"2025-08-07 14:05:20.860","Binance",8,"Bid",116423.72,0.00005
"2025-08-07 14:05:20.860","Binance",7,"Bid",116423.73,0.00005
"2025-08-07 14:05:20.860","Binance",6,"Bid",116423.84,0.0001
"2025-08-07 14:05:20.860","Binance",5,"Bid",116424,0.0319
"2025-08-07 14:05:20.860","Binance",4,"Bid",116424.01,0.0001
"2025-08-07 14:05:20.860","Binance",3,"Bid",116424.7,0.00005
"2025-08-07 14:05:20.860","Binance",2,"Bid",116424.71,0.32291
"2025-08-07 14:05:20.860","Binance",1,"Bid",116424.72,8.95446
"2025-08-07 14:05:19.761","Binance",10,"Ask",116302.94,0.00005
"2025-08-07 14:05:19.761","Binance",9,"Ask",116302.93,0.0001
"2025-08-07 14:05:19.761","Binance",8,"Ask",116302.83,0.00629
"2025-08-07 14:05:19.761","Binance",7,"Ask",116302.82,2.40272
"2025-08-07 14:05:19.761","Binance",6,"Ask",116302.81,9.08634
"2025-08-07 14:05:19.761","Binance",5,"Ask",116302.8,0.30961
"2025-08-07 14:05:19.761","Binance",4,"Ask",116302,0.0317
"2025-08-07 14:05:19.761","Binance",3,"Ask",116300.28,0.62
"2025-08-07 14:05:19.761","Binance",2,"Ask",116300.02,0.0411
"2025-08-07 14:05:19.761","Binance",1,"Ask",116300.01,11.05026
"2025-08-07 14:05:19.761","Binance",10,"Bid",116423.43,0.00015
"2025-08-07 14:05:19.761","Binance",9,"Bid",116423.44,0.00007
"2025-08-07 14:05:19.761","Binance",8,"Bid",116423.72,0.00005
"2025-08-07 14:05:19.761","Binance",7,"Bid",116423.73,0.00005
"2025-08-07 14:05:19.761","Binance",6,"Bid",116423.84,0.0001
"2025-08-07 14:05:19.761","Binance",5,"Bid",116424,0.0319
"2025-08-07 14:05:19.761","Binance",4,"Bid",116424.01,0.0001
"2025-08-07 14:05:19.761","Binance",3,"Bid",116424.7,0.00005
"2025-08-07 14:05:19.761","Binance",2,"Bid",116424.71,0.32291
"2025-08-07 14:05:19.761","Binance",1,"Bid",116424.72,8.95446
"2025-08-07 14:04:36.197","Binance",10,"Ask",116305.52,0.0001
"2025-08-07 14:04:36.197","Binance",9,"Ask",116305.18,0.00025
"2025-08-07 14:04:36.197","Binance",8,"Ask",116305.17,1.3544100000000001
"2025-08-07 14:04:36.197","Binance",7,"Ask",116305.16,0.34829
"2025-08-07 14:04:36.197","Binance",6,"Ask",116305.15,0.56211
"2025-08-07 14:04:36.197","Binance",5,"Ask",116305.14,0.00005
"2025-08-07 14:04:36.197","Binance",4,"Ask",116304.02,0.0001
"2025-08-07 14:04:36.197","Binance",3,"Ask",116304.01,2.58214
"2025-08-07 14:04:36.197","Binance",2,"Ask",116304,0.32674
"2025-08-07 14:04:36.197","Binance",1,"Ask",116302.82,15.29307
"2025-08-07 14:04:36.197","Binance",10,"Bid",116423.43,0.00015
"2025-08-07 14:04:36.197","Binance",9,"Bid",116423.44,0.00007
"2025-08-07 14:04:36.197","Binance",8,"Bid",116423.72,0.00005
"2025-08-07 14:04:36.197","Binance",7,"Bid",116423.73,0.00005
"2025-08-07 14:04:36.197","Binance",6,"Bid",116423.84,0.0001
"2025-08-07 14:04:36.197","Binance",5,"Bid",116424,0.0319
"2025-08-07 14:04:36.197","Binance",4,"Bid",116424.01,0.0001
"2025-08-07 14:04:36.197","Binance",3,"Bid",116424.7,0.00005
"2025-08-07 14:04:36.197","Binance",2,"Bid",116424.71,0.32291
"2025-08-07 14:04:36.197","Binance",1,"Bid",116424.72,8.95446
"2025-08-07 14:04:22.065","Binance",10,"Ask",116308.97,0.04314
"2025-08-07 14:04:22.065","Binance",9,"Ask",116308,0.0319
"2025-08-07 14:04:22.065","Binance",8,"Ask",116307.99,0.29036
"2025-08-07 14:04:22.065","Binance",7,"Ask",116307.98,0.0001
"2025-08-07 14:04:22.065","Binance",6,"Ask",116307.47,0.28395
"2025-08-07 14:04:22.065","Binance",5,"Ask",116307.46,1.22732
"2025-08-07 14:04:22.065","Binance",4,"Ask",116307.45,0.00015
"2025-08-07 14:04:22.065","Binance",3,"Ask",116306,0.03195
"2025-08-07 14:04:22.065","Binance",2,"Ask",116305.99,0.0001
"2025-08-07 14:04:22.065","Binance",1,"Ask",116305.17,14.93735
"2025-08-07 14:04:22.065","Binance",10,"Bid",116423.43,0.00015
"2025-08-07 14:04:22.065","Binance",9,"Bid",116423.44,0.00007
"2025-08-07 14:04:22.065","Binance",8,"Bid",116423.72,0.00005
"2025-08-07 14:04:22.065","Binance",7,"Bid",116423.73,0.00005
"2025-08-07 14:04:22.065","Binance",6,"Bid",116423.84,0.0001
"2025-08-07 14:04:22.065","Binance",5,"Bid",116424,0.0319
"2025-08-07 14:04:22.065","Binance",4,"Bid",116424.01,0.0001
"2025-08-07 14:04:22.065","Binance",3,"Bid",116424.7,0.00005
"2025-08-07 14:04:22.065","Binance",2,"Bid",116424.71,0.32291
"2025-08-07 14:04:22.065","Binance",1,"Bid",116424.72,8.95446
"2025-08-07 14:04:21.061","Binance",10,"Ask",116312.41,0.00005
"2025-08-07 14:04:21.061","Binance",9,"Ask",116312.4,2.69922
"2025-08-07 14:04:21.061","Binance",8,"Ask",116312.39,1.75877
"2025-08-07 14:04:21.061","Binance",7,"Ask",116312.38,1.25536
"2025-08-07 14:04:21.061","Binance",6,"Ask",116312.37,0.00005
"2025-08-07 14:04:21.061","Binance",5,"Ask",116312.31,0.00025
"2025-08-07 14:04:21.061","Binance",4,"Ask",116312.3,0.04369
"2025-08-07 14:04:21.061","Binance",3,"Ask",116312.29,3.58099
"2025-08-07 14:04:21.061","Binance",2,"Ask",116312.24,0.0001
"2025-08-07 14:04:21.061","Binance",1,"Ask",116312.21,13.9883
"2025-08-07 14:04:21.061","Binance",10,"Bid",116423.43,0.00015
"2025-08-07 14:04:21.061","Binance",9,"Bid",116423.44,0.00007
"2025-08-07 14:04:21.061","Binance",8,"Bid",116423.72,0.00005
"2025-08-07 14:04:21.061","Binance",7,"Bid",116423.73,0.00005
"2025-08-07 14:04:21.061","Binance",6,"Bid",116423.84,0.0001
"2025-08-07 14:04:21.061","Binance",5,"Bid",116424,0.0319
"2025-08-07 14:04:21.061","Binance",4,"Bid",116424.01,0.0001
"2025-08-07 14:04:21.061","Binance",3,"Bid",116424.7,0.00005
"2025-08-07 14:04:21.061","Binance",2,"Bid",116424.71,0.32291
"2025-08-07 14:04:21.061","Binance",1,"Bid",116424.72,8.95446
"2025-08-07 14:02:55.059","Binance",10,"Ask",116314.11,0.0001
"2025-08-07 14:02:55.059","Binance",9,"Ask",116314.01,0.07861
"2025-08-07 14:02:55.059","Binance",8,"Ask",116314,0.03208
"2025-08-07 14:02:55.059","Binance",7,"Ask",116313.99,0.0001
"2025-08-07 14:02:55.059","Binance",6,"Ask",116312.7,0.00005
"2025-08-07 14:02:55.059","Binance",5,"Ask",116312.69,0.22441
"2025-08-07 14:02:55.059","Binance",4,"Ask",116312.68,0.00028
"2025-08-07 14:02:55.059","Binance",3,"Ask",116312.54,0.0132
"2025-08-07 14:02:55.059","Binance",2,"Ask",116312.3,0.04324
"2025-08-07 14:02:55.059","Binance",1,"Ask",116312.29,11.57643
"2025-08-07 14:02:55.059","Binance",10,"Bid",116423.43,0.00015
"2025-08-07 14:02:55.059","Binance",9,"Bid",116423.44,0.00007
"2025-08-07 14:02:55.059","Binance",8,"Bid",116423.72,0.00005
"2025-08-07 14:02:55.059","Binance",7,"Bid",116423.73,0.00005
"2025-08-07 14:02:55.059","Binance",6,"Bid",116423.84,0.0001
"2025-08-07 14:02:55.059","Binance",5,"Bid",116424,0.0319
"2025-08-07 14:02:55.059","Binance",4,"Bid",116424.01,0.0001
"2025-08-07 14:02:55.059","Binance",3,"Bid",116424.7,0.00005
"2025-08-07 14:02:55.059","Binance",2,"Bid",116424.71,0.32291
"2025-08-07 14:02:55.059","Binance",1,"Bid",116424.72,8.95446
"2025-08-07 14:02:53.956","Binance",10,"Ask",116328.06,1.12149
"2025-08-07 14:02:53.956","Binance",9,"Ask",116328.05,0.00005
"2025-08-07 14:02:53.956","Binance",8,"Ask",116328.01,0.80772
"2025-08-07 14:02:53.956","Binance",7,"Ask",116328,0.42863
"2025-08-07 14:02:53.956","Binance",6,"Ask",116327.92,0.01719
"2025-08-07 14:02:53.956","Binance",5,"Ask",116326.69,0.01719
"2025-08-07 14:02:53.956","Binance",4,"Ask",116326,0.03695
"2025-08-07 14:02:53.956","Binance",3,"Ask",116325.67,0.70955
"2025-08-07 14:02:53.956","Binance",2,"Ask",116325.66,0.00005
"2025-08-07 14:02:53.956","Binance",1,"Ask",116324.01,10.34785
"2025-08-07 14:02:53.956","Binance",10,"Bid",116423.43,0.00015
"2025-08-07 14:02:53.956","Binance",9,"Bid",116423.44,0.00007
"2025-08-07 14:02:53.956","Binance",8,"Bid",116423.72,0.00005
"2025-08-07 14:02:53.956","Binance",7,"Bid",116423.73,0.00005
"2025-08-07 14:02:53.956","Binance",6,"Bid",116423.84,0.0001
"2025-08-07 14:02:53.956","Binance",5,"Bid",116424,0.0319
"2025-08-07 14:02:53.956","Binance",4,"Bid",116424.01,0.0001
"2025-08-07 14:02:53.956","Binance",3,"Bid",116424.7,0.00005
"2025-08-07 14:02:53.956","Binance",2,"Bid",116424.71,0.32291
"2025-08-07 14:02:53.956","Binance",1,"Bid",116424.72,8.95446
"2025-08-07 14:02:52.856","Binance",10,"Ask",116330,0.03185
"2025-08-07 14:02:52.856","Binance",9,"Ask",116329.8,0.17198
"2025-08-07 14:02:52.856","Binance",8,"Ask",116329.79,0.00005
"2025-08-07 14:02:52.856","Binance",7,"Ask",116329.63,2.98695
"2025-08-07 14:02:52.856","Binance",6,"Ask",116329.62,0.00045
"2025-08-07 14:02:52.856","Binance",5,"Ask",116329.61,3.54815
"2025-08-07 14:02:52.856","Binance",4,"Ask",116329.23,0.00005
"2025-08-07 14:02:52.856","Binance",3,"Ask",116328.75,0.0002
"2025-08-07 14:02:52.856","Binance",2,"Ask",116328.26,0.29489
"2025-08-07 14:02:52.856","Binance",1,"Ask",116328.07,11.01246
"2025-08-07 14:02:52.856","Binance",10,"Bid",116423.43,0.00015
"2025-08-07 14:02:52.856","Binance",9,"Bid",116423.44,0.00007
"2025-08-07 14:02:52.856","Binance",8,"Bid",116423.72,0.00005
"2025-08-07 14:02:52.856","Binance",7,"Bid",116423.73,0.00005
"2025-08-07 14:02:52.856","Binance",6,"Bid",116423.84,0.0001
"2025-08-07 14:02:52.856","Binance",5,"Bid",116424,0.0319
"2025-08-07 14:02:52.856","Binance",4,"Bid",116424.01,0.0001
"2025-08-07 14:02:52.856","Binance",3,"Bid",116424.7,0.00005
"2025-08-07 14:02:52.856","Binance",2,"Bid",116424.71,0.32291
"2025-08-07 14:02:52.856","Binance",1,"Bid",116424.72,8.95446
"2025-08-07 14:02:33.957","Binance",10,"Ask",116338.68,0.00005
"2025-08-07 14:02:33.957","Binance",9,"Ask",116338.51,0.02592
"2025-08-07 14:02:33.957","Binance",8,"Ask",116338.49,0.01414
"2025-08-07 14:02:33.957","Binance",7,"Ask",116338.41,0.00005
"2025-08-07 14:02:33.957","Binance",6,"Ask",116338.4,0.00005
"2025-08-07 14:02:33.957","Binance",5,"Ask",116338.39,0.00005
"2025-08-07 14:02:33.957","Binance",4,"Ask",116338.38,0.26335
"2025-08-07 14:02:33.957","Binance",3,"Ask",116338,0.03195
"2025-08-07 14:02:33.957","Binance",2,"Ask",116337.99,0.0001
"2025-08-07 14:02:33.957","Binance",1,"Ask",116337.92,11.41331
"2025-08-07 14:02:33.957","Binance",10,"Bid",116423.43,0.00015
"2025-08-07 14:02:33.957","Binance",9,"Bid",116423.44,0.00007
"2025-08-07 14:02:33.957","Binance",8,"Bid",116423.72,0.00005
"2025-08-07 14:02:33.957","Binance",7,"Bid",116423.73,0.00005
"2025-08-07 14:02:33.957","Binance",6,"Bid",116423.84,0.0001
"2025-08-07 14:02:33.957","Binance",5,"Bid",116424,0.0319
"2025-08-07 14:02:33.957","Binance",4,"Bid",116424.01,0.0001
"2025-08-07 14:02:33.957","Binance",3,"Bid",116424.7,0.00005
"2025-08-07 14:02:33.957","Binance",2,"Bid",116424.71,0.32291
"2025-08-07 14:02:33.957","Binance",1,"Bid",116424.72,8.95446
"2025-08-07 14:02:05.733","Binance",10,"Ask",116347.56,0.0001
"2025-08-07 14:02:05.733","Binance",9,"Ask",116347.02,0.00015
"2025-08-07 14:02:05.733","Binance",8,"Ask",116346.98,0.00005
"2025-08-07 14:02:05.733","Binance",7,"Ask",116346.97,0.2857
"2025-08-07 14:02:05.733","Binance",6,"Ask",116346.96,0.95062
"2025-08-07 14:02:05.733","Binance",5,"Ask",116346.95,0.00015
"2025-08-07 14:02:05.733","Binance",4,"Ask",116346.86,0.0001
"2025-08-07 14:02:05.733","Binance",3,"Ask",116346.85,0.00015
"2025-08-07 14:02:05.733","Binance",2,"Ask",116346.84,0.00009
"2025-08-07 14:02:05.733","Binance",1,"Ask",116346.8,16.17575
"2025-08-07 14:02:05.733","Binance",10,"Bid",116423.43,0.00015
"2025-08-07 14:02:05.733","Binance",9,"Bid",116423.44,0.00007
"2025-08-07 14:02:05.733","Binance",8,"Bid",116423.72,0.00005
"2025-08-07 14:02:05.733","Binance",7,"Bid",116423.73,0.00005
"2025-08-07 14:02:05.733","Binance",6,"Bid",116423.84,0.0001
"2025-08-07 14:02:05.733","Binance",5,"Bid",116424,0.0319
"2025-08-07 14:02:05.733","Binance",4,"Bid",116424.01,0.0001
"2025-08-07 14:02:05.733","Binance",3,"Bid",116424.7,0.00005
"2025-08-07 14:02:05.733","Binance",2,"Bid",116424.71,0.32291
"2025-08-07 14:02:05.733","Binance",1,"Bid",116424.72,8.95446
"2025-08-07 14:02:04.359","Binance",10,"Ask",116366.48,0.00009
"2025-08-07 14:02:04.359","Binance",9,"Ask",116366.35,0.13425
"2025-08-07 14:02:04.359","Binance",8,"Ask",116366.34,0.7369
"2025-08-07 14:02:04.359","Binance",7,"Ask",116366.33,1.91779
"2025-08-07 14:02:04.359","Binance",6,"Ask",116366.27,0.00859
"2025-08-07 14:02:04.359","Binance",5,"Ask",116366,0.03695
"2025-08-07 14:02:04.359","Binance",4,"Ask",116365.07,0.01718
"2025-08-07 14:02:04.359","Binance",3,"Ask",116364.91,0.04296
"2025-08-07 14:02:04.359","Binance",2,"Ask",116364.5,0.08506
"2025-08-07 14:02:04.359","Binance",1,"Ask",116364.44,13.6515
"2025-08-07 14:02:04.359","Binance",10,"Bid",116423.43,0.00015
"2025-08-07 14:02:04.359","Binance",9,"Bid",116423.44,0.00007
"2025-08-07 14:02:04.359","Binance",8,"Bid",116423.72,0.00005
"2025-08-07 14:02:04.359","Binance",7,"Bid",116423.73,0.00005
"2025-08-07 14:02:04.359","Binance",6,"Bid",116423.84,0.0001
"2025-08-07 14:02:04.359","Binance",5,"Bid",116424,0.0319
"2025-08-07 14:02:04.359","Binance",4,"Bid",116424.01,0.0001
"2025-08-07 14:02:04.359","Binance",3,"Bid",116424.7,0.00005
"2025-08-07 14:02:04.359","Binance",2,"Bid",116424.71,0.32291
"2025-08-07 14:02:04.359","Binance",1,"Bid",116424.72,8.95446
"2025-08-07 14:02:03.357","Binance",10,"Ask",116367.99,0.0001
"2025-08-07 14:02:03.357","Binance",9,"Ask",116367.56,0.00005
"2025-08-07 14:02:03.357","Binance",8,"Ask",116367.51,0.00042
"2025-08-07 14:02:03.357","Binance",7,"Ask",116367.05,0.28371
"2025-08-07 14:02:03.357","Binance",6,"Ask",116367.04,0.00015
"2025-08-07 14:02:03.357","Binance",5,"Ask",116367.03,0.00025
"2025-08-07 14:02:03.357","Binance",4,"Ask",116367.02,0.31989
"2025-08-07 14:02:03.357","Binance",3,"Ask",116366.58,0.0003
"2025-08-07 14:02:03.357","Binance",2,"Ask",116366.57,0.00019
"2025-08-07 14:02:03.357","Binance",1,"Ask",116366.35,7.96286
"2025-08-07 14:02:03.357","Binance",10,"Bid",116423.43,0.00015
"2025-08-07 14:02:03.357","Binance",9,"Bid",116423.44,0.00007
"2025-08-07 14:02:03.357","Binance",8,"Bid",116423.72,0.00005
"2025-08-07 14:02:03.357","Binance",7,"Bid",116423.73,0.00005
"2025-08-07 14:02:03.357","Binance",6,"Bid",116423.84,0.0001
"2025-08-07 14:02:03.357","Binance",5,"Bid",116424,0.0319
"2025-08-07 14:02:03.357","Binance",4,"Bid",116424.01,0.0001
"2025-08-07 14:02:03.357","Binance",3,"Bid",116424.7,0.00005
"2025-08-07 14:02:03.357","Binance",2,"Bid",116424.71,0.32291
"2025-08-07 14:02:03.357","Binance",1,"Bid",116424.72,8.95446
"2025-08-07 14:02:01.157","Binance",10,"Ask",116381.51,0.0002
"2025-08-07 14:02:01.157","Binance",9,"Ask",116381.5,0.0001
"2025-08-07 14:02:01.157","Binance",8,"Ask",116381.49,0.0002
"2025-08-07 14:02:01.157","Binance",7,"Ask",116381.48,0.0001
"2025-08-07 14:02:01.157","Binance",6,"Ask",116381.42,0.0002
"2025-08-07 14:02:01.157","Binance",5,"Ask",116381.41,0.0001
"2025-08-07 14:02:01.157","Binance",4,"Ask",116381.34,0.05873
"2025-08-07 14:02:01.157","Binance",3,"Ask",116381.33,0.29489
"2025-08-07 14:02:01.157","Binance",2,"Ask",116381.32,0.00019
"2025-08-07 14:02:01.157","Binance",1,"Ask",116381.13,9.97086
"2025-08-07 14:02:01.157","Binance",10,"Bid",116423.43,0.00015
"2025-08-07 14:02:01.157","Binance",9,"Bid",116423.44,0.00007
"2025-08-07 14:02:01.157","Binance",8,"Bid",116423.72,0.00005
"2025-08-07 14:02:01.157","Binance",7,"Bid",116423.73,0.00005
"2025-08-07 14:02:01.157","Binance",6,"Bid",116423.84,0.0001
"2025-08-07 14:02:01.157","Binance",5,"Bid",116424,0.0319
"2025-08-07 14:02:01.157","Binance",4,"Bid",116424.01,0.0001
"2025-08-07 14:02:01.157","Binance",3,"Bid",116424.7,0.00005
"2025-08-07 14:02:01.157","Binance",2,"Bid",116424.71,0.32291
"2025-08-07 14:02:01.157","Binance",1,"Bid",116424.72,8.95446
"2025-08-07 14:01:32.557","Binance",10,"Ask",116381.53,0.0002
"2025-08-07 14:01:32.557","Binance",9,"Ask",116381.52,0.0001
"2025-08-07 14:01:32.557","Binance",8,"Ask",116381.51,0.0002
"2025-08-07 14:01:32.557","Binance",7,"Ask",116381.5,0.0001
"2025-08-07 14:01:32.557","Binance",6,"Ask",116381.49,0.0002
"2025-08-07 14:01:32.557","Binance",5,"Ask",116381.48,0.0001
"2025-08-07 14:01:32.557","Binance",4,"Ask",116381.42,0.0002
"2025-08-07 14:01:32.557","Binance",3,"Ask",116381.41,0.0001
"2025-08-07 14:01:32.557","Binance",2,"Ask",116381.34,0.05873
"2025-08-07 14:01:32.557","Binance",1,"Ask",116381.33,0.58534
"2025-08-07 14:01:32.557","Binance",10,"Bid",116423.06,0.92427
"2025-08-07 14:01:32.557","Binance",9,"Bid",116423.07,1.12252
"2025-08-07 14:01:32.557","Binance",8,"Bid",116423.08,0.00015
"2025-08-07 14:01:32.557","Binance",7,"Bid",116423.72,0.00005
"2025-08-07 14:01:32.557","Binance",6,"Bid",116423.73,0.00005
"2025-08-07 14:01:32.557","Binance",5,"Bid",116424,0.03185
"2025-08-07 14:01:32.557","Binance",4,"Bid",116424.01,0.0001
"2025-08-07 14:01:32.557","Binance",3,"Bid",116424.7,0.0001
"2025-08-07 14:01:32.557","Binance",2,"Bid",116424.71,0.01294
"2025-08-07 14:01:32.557","Binance",1,"Bid",116424.72,8.25859
"2025-08-07 14:01:30.493","Binance",10,"Ask",116381.53,0.0002
"2025-08-07 14:01:30.493","Binance",9,"Ask",116381.52,0.0001
"2025-08-07 14:01:30.493","Binance",8,"Ask",116381.51,0.0002
"2025-08-07 14:01:30.493","Binance",7,"Ask",116381.5,0.0001
"2025-08-07 14:01:30.493","Binance",6,"Ask",116381.49,0.0002
"2025-08-07 14:01:30.493","Binance",5,"Ask",116381.48,0.0001
"2025-08-07 14:01:30.493","Binance",4,"Ask",116381.42,0.0002
"2025-08-07 14:01:30.493","Binance",3,"Ask",116381.41,0.0001
"2025-08-07 14:01:30.493","Binance",2,"Ask",116381.34,0.05873
"2025-08-07 14:01:30.493","Binance",1,"Ask",116381.33,0.58534
"2025-08-07 14:01:30.493","Binance",10,"Bid",116417.91,0.0001
"2025-08-07 14:01:30.493","Binance",9,"Bid",116417.92,0.00005
"2025-08-07 14:01:30.493","Binance",8,"Bid",116417.93,0.00005
"2025-08-07 14:01:30.493","Binance",7,"Bid",116417.94,1.21261
"2025-08-07 14:01:30.493","Binance",6,"Bid",116417.95,0.00015
"2025-08-07 14:01:30.493","Binance",5,"Bid",116418,0.03195
"2025-08-07 14:01:30.493","Binance",4,"Bid",116418.01,0.0001
"2025-08-07 14:01:30.493","Binance",3,"Bid",116419.82,0.00005
"2025-08-07 14:01:30.493","Binance",2,"Bid",116419.98,0.01294
"2025-08-07 14:01:30.493","Binance",1,"Bid",116419.99,12.02047
"2025-08-07 14:01:27.057","Binance",10,"Ask",116381.53,0.0002
"2025-08-07 14:01:27.057","Binance",9,"Ask",116381.52,0.0001
"2025-08-07 14:01:27.057","Binance",8,"Ask",116381.51,0.0002
"2025-08-07 14:01:27.057","Binance",7,"Ask",116381.5,0.0001
"2025-08-07 14:01:27.057","Binance",6,"Ask",116381.49,0.0002
"2025-08-07 14:01:27.057","Binance",5,"Ask",116381.48,0.0001
"2025-08-07 14:01:27.057","Binance",4,"Ask",116381.42,0.0002
"2025-08-07 14:01:27.057","Binance",3,"Ask",116381.41,0.0001
"2025-08-07 14:01:27.057","Binance",2,"Ask",116381.34,0.05873
"2025-08-07 14:01:27.057","Binance",1,"Ask",116381.33,0.58534
"2025-08-07 14:01:27.057","Binance",10,"Bid",116398.3,0.00005
"2025-08-07 14:01:27.057","Binance",9,"Bid",116398.31,0.0001
"2025-08-07 14:01:27.057","Binance",8,"Bid",116398.43,0.00005
"2025-08-07 14:01:27.057","Binance",7,"Bid",116398.44,0.00015
"2025-08-07 14:01:27.057","Binance",6,"Bid",116398.48,0.0249
"2025-08-07 14:01:27.057","Binance",5,"Bid",116398.49,0.0001
"2025-08-07 14:01:27.057","Binance",4,"Bid",116399.41,0.00007
"2025-08-07 14:01:27.057","Binance",3,"Bid",116399.97,0.00005
"2025-08-07 14:01:27.057","Binance",2,"Bid",116399.98,0.01284
"2025-08-07 14:01:27.057","Binance",1,"Bid",116399.99,14.857099999999999
"2025-08-07 14:01:12.057","Binance",10,"Ask",116382.66,0.70486
"2025-08-07 14:01:12.057","Binance",9,"Ask",116382.65,0.00015
"2025-08-07 14:01:12.057","Binance",8,"Ask",116382.45,0.0001
"2025-08-07 14:01:12.057","Binance",7,"Ask",116382.44,0.28367
"2025-08-07 14:01:12.057","Binance",6,"Ask",116382.43,0.0001
"2025-08-07 14:01:12.057","Binance",5,"Ask",116382.09,0.04297
"2025-08-07 14:01:12.057","Binance",4,"Ask",116382,0.0319
"2025-08-07 14:01:12.057","Binance",3,"Ask",116381.99,0.0001
"2025-08-07 14:01:12.057","Binance",2,"Ask",116381.34,0.0002
"2025-08-07 14:01:12.057","Binance",1,"Ask",116381.33,8.89416
"2025-08-07 14:01:12.057","Binance",10,"Bid",116397.36,0.0001
"2025-08-07 14:01:12.057","Binance",9,"Bid",116397.39,0.00005
"2025-08-07 14:01:12.057","Binance",8,"Bid",116397.45,0.07297
"2025-08-07 14:01:12.057","Binance",7,"Bid",116397.46,0.0001
"2025-08-07 14:01:12.057","Binance",6,"Bid",116397.52,0.00015
"2025-08-07 14:01:12.057","Binance",5,"Bid",116397.53,0.0001
"2025-08-07 14:01:12.057","Binance",4,"Bid",116397.6,0.02962
"2025-08-07 14:01:12.057","Binance",3,"Bid",116397.61,0.0001
"2025-08-07 14:01:12.057","Binance",2,"Bid",116397.67,0.05225
"2025-08-07 14:01:12.057","Binance",1,"Bid",116397.68,1.75203
"2025-08-07 14:01:10.956","Binance",10,"Ask",116385.48,0.201
"2025-08-07 14:01:10.956","Binance",9,"Ask",116385.43,0.00042
"2025-08-07 14:01:10.956","Binance",8,"Ask",116385.27,0.30949
"2025-08-07 14:01:10.956","Binance",7,"Ask",116385.26,0.0001
"2025-08-07 14:01:10.956","Binance",6,"Ask",116385.11,0.00083
"2025-08-07 14:01:10.956","Binance",5,"Ask",116384.57,0.00041
"2025-08-07 14:01:10.956","Binance",4,"Ask",116384,0.0319
"2025-08-07 14:01:10.956","Binance",3,"Ask",116383.99,0.0001
"2025-08-07 14:01:10.956","Binance",2,"Ask",116382.69,0.0002
"2025-08-07 14:01:10.956","Binance",1,"Ask",116382.68,12.2931
"2025-08-07 14:01:10.956","Binance",10,"Bid",116397.36,0.0001
"2025-08-07 14:01:10.956","Binance",9,"Bid",116397.39,0.00005
"2025-08-07 14:01:10.956","Binance",8,"Bid",116397.45,0.07297
"2025-08-07 14:01:10.956","Binance",7,"Bid",116397.46,0.0001
"2025-08-07 14:01:10.956","Binance",6,"Bid",116397.52,0.00015
"2025-08-07 14:01:10.956","Binance",5,"Bid",116397.53,0.0001
"2025-08-07 14:01:10.956","Binance",4,"Bid",116397.6,0.02962
"2025-08-07 14:01:10.956","Binance",3,"Bid",116397.61,0.0001
"2025-08-07 14:01:10.956","Binance",2,"Bid",116397.67,0.05225
"2025-08-07 14:01:10.956","Binance",1,"Bid",116397.68,1.75203
"2025-08-07 14:00:14.854","Binance",10,"Ask",116388.08,0.30938
"2025-08-07 14:00:14.854","Binance",9,"Ask",116387.92,0.00042
"2025-08-07 14:00:14.854","Binance",8,"Ask",116387.91,0.00041
"2025-08-07 14:00:14.854","Binance",7,"Ask",116387.48,0.00859
"2025-08-07 14:00:14.854","Binance",6,"Ask",116387.38,0.00901
"2025-08-07 14:00:14.854","Binance",5,"Ask",116387.37,0.00041
"2025-08-07 14:00:14.854","Binance",4,"Ask",116386.01,0.0001
"2025-08-07 14:00:14.854","Binance",3,"Ask",116386,0.0319
"2025-08-07 14:00:14.854","Binance",2,"Ask",116385.49,2.34016
"2025-08-07 14:00:14.854","Binance",1,"Ask",116385.48,29.06125
"2025-08-07 14:00:14.854","Binance",10,"Bid",116397.36,0.0001
"2025-08-07 14:00:14.854","Binance",9,"Bid",116397.39,0.00005
"2025-08-07 14:00:14.854","Binance",8,"Bid",116397.45,0.07297
"2025-08-07 14:00:14.854","Binance",7,"Bid",116397.46,0.0001
"2025-08-07 14:00:14.854","Binance",6,"Bid",116397.52,0.00015
"2025-08-07 14:00:14.854","Binance",5,"Bid",116397.53,0.0001
"2025-08-07 14:00:14.854","Binance",4,"Bid",116397.6,0.02962
"2025-08-07 14:00:14.854","Binance",3,"Bid",116397.61,0.0001
"2025-08-07 14:00:14.854","Binance",2,"Bid",116397.67,0.05225
"2025-08-07 14:00:14.854","Binance",1,"Bid",116397.68,1.75203
"2025-08-07 13:58:52.952","Binance",10,"Ask",116393.62,0.30932
"2025-08-07 13:58:52.952","Binance",9,"Ask",116393.56,0.51572
"2025-08-07 13:58:52.952","Binance",8,"Ask",116393.55,0.82415
"2025-08-07 13:58:52.952","Binance",7,"Ask",116393.54,0.00005
"2025-08-07 13:58:52.952","Binance",6,"Ask",116392.44,0.00042
"2025-08-07 13:58:52.952","Binance",5,"Ask",116392,0.0318
"2025-08-07 13:58:52.952","Binance",4,"Ask",116391.94,0.00005
"2025-08-07 13:58:52.952","Binance",3,"Ask",116391.7,0.01273
"2025-08-07 13:58:52.952","Binance",2,"Ask",116390.02,0.33793
"2025-08-07 13:58:52.952","Binance",1,"Ask",116390.01,12.56231
"2025-08-07 13:58:52.952","Binance",10,"Bid",116397.36,0.0001
"2025-08-07 13:58:52.952","Binance",9,"Bid",116397.39,0.00005
"2025-08-07 13:58:52.952","Binance",8,"Bid",116397.45,0.07297
"2025-08-07 13:58:52.952","Binance",7,"Bid",116397.46,0.0001
"2025-08-07 13:58:52.952","Binance",6,"Bid",116397.52,0.00015
"2025-08-07 13:58:52.952","Binance",5,"Bid",116397.53,0.0001
"2025-08-07 13:58:52.952","Binance",4,"Bid",116397.6,0.02962
"2025-08-07 13:58:52.952","Binance",3,"Bid",116397.61,0.0001
"2025-08-07 13:58:52.952","Binance",2,"Bid",116397.67,0.05225
"2025-08-07 13:58:52.952","Binance",1,"Bid",116397.68,1.75203
"2025-08-07 13:58:30.555","Binance",10,"Ask",116398.63,0.00005
"2025-08-07 13:58:30.555","Binance",9,"Ask",116398.3,0.07264
"2025-08-07 13:58:30.555","Binance",8,"Ask",116398.29,0.108
"2025-08-07 13:58:30.555","Binance",7,"Ask",116398.28,0.0001
"2025-08-07 13:58:30.555","Binance",6,"Ask",116398,0.0319
"2025-08-07 13:58:30.555","Binance",5,"Ask",116397.99,0.0001
"2025-08-07 13:58:30.555","Binance",4,"Ask",116397.78,0.06462
"2025-08-07 13:58:30.555","Binance",3,"Ask",116397.77,0.0001
"2025-08-07 13:58:30.555","Binance",2,"Ask",116397.7,0.00043
"2025-08-07 13:58:30.555","Binance",1,"Ask",116397.69,4.04113
"2025-08-07 13:58:30.555","Binance",10,"Bid",116396,0.0319
"2025-08-07 13:58:30.555","Binance",9,"Bid",116396.01,0.0001
"2025-08-07 13:58:30.555","Binance",8,"Bid",116396.26,0.01321
"2025-08-07 13:58:30.555","Binance",7,"Bid",116397.39,0.00015
"2025-08-07 13:58:30.555","Binance",6,"Bid",116397.45,0.07289
"2025-08-07 13:58:30.555","Binance",5,"Bid",116397.46,0.0001
"2025-08-07 13:58:30.555","Binance",4,"Bid",116397.6,0.02962
"2025-08-07 13:58:30.555","Binance",3,"Bid",116397.61,0.0001
"2025-08-07 13:58:30.555","Binance",2,"Bid",116397.67,0.00055
"2025-08-07 13:58:30.555","Binance",1,"Bid",116397.68,5.25593
"2025-08-07 13:56:03.453","Binance",6,"Ask",116036.6,0.0002
"2025-08-07 13:56:03.453","Binance",5,"Ask",116036.01,0.00005
"2025-08-07 13:56:03.453","Binance",4,"Ask",116036,0.03205
"2025-08-07 13:56:03.453","Binance",3,"Ask",116035.99,0.0001
"2025-08-07 13:56:03.453","Binance",2,"Ask",116035.87,0.00009
"2025-08-07 13:56:03.453","Binance",1,"Ask",116035.85,3.04053
"2025-08-07 13:56:03.453","Binance",10,"Bid",116424.49,0.0001
"2025-08-07 13:56:03.453","Binance",9,"Bid",116424.54,0.00005
"2025-08-07 13:56:03.453","Binance",8,"Bid",116424.6,0.06536
"2025-08-07 13:56:03.453","Binance",7,"Bid",116424.61,0.0001
"2025-08-07 13:56:03.453","Binance",6,"Bid",116424.65,0.07918
"2025-08-07 13:56:03.453","Binance",5,"Bid",116424.66,0.0001
"2025-08-07 13:56:03.453","Binance",4,"Bid",116424.69,0.00054
"2025-08-07 13:56:03.453","Binance",3,"Bid",116424.7,0.00005
"2025-08-07 13:56:03.453","Binance",2,"Bid",116424.71,0.03203
"2025-08-07 13:56:03.453","Binance",1,"Bid",116424.72,6.96221
"2025-08-07 13:56:02.349","Binance",10,"Ask",116036.77,0.0002
"2025-08-07 13:56:02.349","Binance",9,"Ask",116036.76,0.0001
"2025-08-07 13:56:02.349","Binance",8,"Ask",116036.7,0.00005
"2025-08-07 13:56:02.349","Binance",7,"Ask",116036.69,0.0001
"2025-08-07 13:56:02.349","Binance",6,"Ask",116036.6,0.0002
"2025-08-07 13:56:02.349","Binance",5,"Ask",116036.01,0.00005
"2025-08-07 13:56:02.349","Binance",4,"Ask",116036,0.03205
"2025-08-07 13:56:02.349","Binance",3,"Ask",116035.99,0.0001
"2025-08-07 13:56:02.349","Binance",2,"Ask",116035.87,0.00009
"2025-08-07 13:56:02.349","Binance",1,"Ask",116035.85,3.04053
"2025-08-07 13:56:02.349","Binance",10,"Bid",116424.49,0.0001
"2025-08-07 13:56:02.349","Binance",9,"Bid",116424.54,0.00005
"2025-08-07 13:56:02.349","Binance",8,"Bid",116424.6,0.06536
"2025-08-07 13:56:02.349","Binance",7,"Bid",116424.61,0.0001
"2025-08-07 13:56:02.349","Binance",6,"Bid",116424.65,0.07918
"2025-08-07 13:56:02.349","Binance",5,"Bid",116424.66,0.0001
"2025-08-07 13:56:02.349","Binance",4,"Bid",116424.69,0.00054
"2025-08-07 13:56:02.349","Binance",3,"Bid",116424.7,0.00005
"2025-08-07 13:56:02.349","Binance",2,"Bid",116424.71,0.03203
"2025-08-07 13:56:02.349","Binance",1,"Bid",116424.72,6.96221
"2025-08-07 13:56:01.249","Binance",10,"Ask",116036.77,0.0002
"2025-08-07 13:56:01.249","Binance",9,"Ask",116036.76,0.0001
"2025-08-07 13:56:01.249","Binance",8,"Ask",116036.7,0.00005
"2025-08-07 13:56:01.249","Binance",7,"Ask",116036.69,0.0001
"2025-08-07 13:56:01.249","Binance",6,"Ask",116036.6,0.0002
"2025-08-07 13:56:01.249","Binance",5,"Ask",116036.01,0.00005
"2025-08-07 13:56:01.249","Binance",4,"Ask",116036,0.03205
"2025-08-07 13:56:01.249","Binance",3,"Ask",116035.99,0.0001
"2025-08-07 13:56:01.249","Binance",2,"Ask",116035.87,0.00009
"2025-08-07 13:56:01.249","Binance",1,"Ask",116035.85,3.04053
"2025-08-07 13:56:01.249","Binance",10,"Bid",116424.49,0.0001
"2025-08-07 13:56:01.249","Binance",9,"Bid",116424.54,0.00005
"2025-08-07 13:56:01.249","Binance",8,"Bid",116424.6,0.06536
"2025-08-07 13:56:01.249","Binance",7,"Bid",116424.61,0.0001
"2025-08-07 13:56:01.249","Binance",6,"Bid",116424.65,0.07918
"2025-08-07 13:56:01.249","Binance",5,"Bid",116424.66,0.0001
"2025-08-07 13:56:01.249","Binance",4,"Bid",116424.69,0.00054
"2025-08-07 13:56:01.249","Binance",3,"Bid",116424.7,0.00005
"2025-08-07 13:56:01.249","Binance",2,"Bid",116424.71,0.03203
"2025-08-07 13:56:01.249","Binance",1,"Bid",116424.72,6.96221
"2025-08-07 13:56:00.149","Binance",10,"Ask",116036.77,0.0002
"2025-08-07 13:56:00.149","Binance",9,"Ask",116036.76,0.0001
"2025-08-07 13:56:00.149","Binance",8,"Ask",116036.7,0.00005
"2025-08-07 13:56:00.149","Binance",7,"Ask",116036.69,0.0001
"2025-08-07 13:56:00.149","Binance",6,"Ask",116036.6,0.0002
"2025-08-07 13:56:00.149","Binance",5,"Ask",116036.01,0.00005
"2025-08-07 13:56:00.149","Binance",4,"Ask",116036,0.03205
"2025-08-07 13:56:00.149","Binance",3,"Ask",116035.99,0.0001
"2025-08-07 13:56:00.149","Binance",2,"Ask",116035.87,0.00009
"2025-08-07 13:56:00.149","Binance",1,"Ask",116035.85,3.04053
"2025-08-07 13:56:00.149","Binance",10,"Bid",116424.49,0.0001
"2025-08-07 13:56:00.149","Binance",9,"Bid",116424.54,0.00005
"2025-08-07 13:56:00.149","Binance",8,"Bid",116424.6,0.06536
"2025-08-07 13:56:00.149","Binance",7,"Bid",116424.61,0.0001
"2025-08-07 13:56:00.149","Binance",6,"Bid",116424.65,0.07918
"2025-08-07 13:56:00.149","Binance",5,"Bid",116424.66,0.0001
"2025-08-07 13:56:00.149","Binance",4,"Bid",116424.69,0.00054
"2025-08-07 13:56:00.149","Binance",3,"Bid",116424.7,0.00005
"2025-08-07 13:56:00.149","Binance",2,"Bid",116424.71,0.03203
"2025-08-07 13:56:00.149","Binance",1,"Bid",116424.72,6.96221
"2025-08-07 13:55:59.051","Binance",10,"Ask",116036.77,0.0002
"2025-08-07 13:55:59.051","Binance",9,"Ask",116036.76,0.0001
"2025-08-07 13:55:59.051","Binance",8,"Ask",116036.7,0.00005
"2025-08-07 13:55:59.051","Binance",7,"Ask",116036.69,0.0001
"2025-08-07 13:55:59.051","Binance",6,"Ask",116036.6,0.0002
"2025-08-07 13:55:59.051","Binance",5,"Ask",116036.01,0.00005
"2025-08-07 13:55:59.051","Binance",4,"Ask",116036,0.03205
"2025-08-07 13:55:59.051","Binance",3,"Ask",116035.99,0.0001
"2025-08-07 13:55:59.051","Binance",2,"Ask",116035.87,0.00009
"2025-08-07 13:55:59.051","Binance",1,"Ask",116035.85,3.04053
"2025-08-07 13:55:59.051","Binance",10,"Bid",116424.49,0.0001
"2025-08-07 13:55:59.051","Binance",9,"Bid",116424.54,0.00005
"2025-08-07 13:55:59.051","Binance",8,"Bid",116424.6,0.06536
"2025-08-07 13:55:59.051","Binance",7,"Bid",116424.61,0.0001
"2025-08-07 13:55:59.051","Binance",6,"Bid",116424.65,0.07918
"2025-08-07 13:55:59.051","Binance",5,"Bid",116424.66,0.0001
"2025-08-07 13:55:59.051","Binance",4,"Bid",116424.69,0.00054
"2025-08-07 13:55:59.051","Binance",3,"Bid",116424.7,0.00005
"2025-08-07 13:55:59.051","Binance",2,"Bid",116424.71,0.03203
"2025-08-07 13:55:59.051","Binance",1,"Bid",116424.72,6.96221
"2025-08-07 13:55:57.949","Binance",10,"Ask",116036.77,0.0002
"2025-08-07 13:55:57.949","Binance",9,"Ask",116036.76,0.0001
"2025-08-07 13:55:57.949","Binance",8,"Ask",116036.7,0.00005
"2025-08-07 13:55:57.949","Binance",7,"Ask",116036.69,0.0001
"2025-08-07 13:55:57.949","Binance",6,"Ask",116036.6,0.0002
"2025-08-07 13:55:57.949","Binance",5,"Ask",116036.01,0.00005
"2025-08-07 13:55:57.949","Binance",4,"Ask",116036,0.03205
"2025-08-07 13:55:57.949","Binance",3,"Ask",116035.99,0.0001
"2025-08-07 13:55:57.949","Binance",2,"Ask",116035.87,0.00009
"2025-08-07 13:55:57.949","Binance",1,"Ask",116035.85,3.04053
"2025-08-07 13:55:57.949","Binance",10,"Bid",116424.49,0.0001
"2025-08-07 13:55:57.949","Binance",9,"Bid",116424.54,0.00005
"2025-08-07 13:55:57.949","Binance",8,"Bid",116424.6,0.06536
"2025-08-07 13:55:57.949","Binance",7,"Bid",116424.61,0.0001
"2025-08-07 13:55:57.949","Binance",6,"Bid",116424.65,0.07918
"2025-08-07 13:55:57.949","Binance",5,"Bid",116424.66,0.0001
"2025-08-07 13:55:57.949","Binance",4,"Bid",116424.69,0.00054
"2025-08-07 13:55:57.949","Binance",3,"Bid",116424.7,0.00005
"2025-08-07 13:55:57.949","Binance",2,"Bid",116424.71,0.03203
"2025-08-07 13:55:57.949","Binance",1,"Bid",116424.72,6.96221
"2025-08-07 13:55:56.850","Binance",10,"Ask",116036.77,0.0002
"2025-08-07 13:55:56.850","Binance",9,"Ask",116036.76,0.0001
"2025-08-07 13:55:56.850","Binance",8,"Ask",116036.7,0.00005
"2025-08-07 13:55:56.850","Binance",7,"Ask",116036.69,0.0001
"2025-08-07 13:55:56.850","Binance",6,"Ask",116036.6,0.0002
"2025-08-07 13:55:56.850","Binance",5,"Ask",116036.01,0.00005
"2025-08-07 13:55:56.850","Binance",4,"Ask",116036,0.03205
"2025-08-07 13:55:56.850","Binance",3,"Ask",116035.99,0.0001
"2025-08-07 13:55:56.850","Binance",2,"Ask",116035.87,0.00009
"2025-08-07 13:55:56.850","Binance",1,"Ask",116035.85,3.04053
"2025-08-07 13:55:56.850","Binance",10,"Bid",116424.49,0.0001
"2025-08-07 13:55:56.850","Binance",9,"Bid",116424.54,0.00005
"2025-08-07 13:55:56.850","Binance",8,"Bid",116424.6,0.06536
"2025-08-07 13:55:56.850","Binance",7,"Bid",116424.61,0.0001
"2025-08-07 13:55:56.850","Binance",6,"Bid",116424.65,0.07918
"2025-08-07 13:55:56.850","Binance",5,"Bid",116424.66,0.0001
"2025-08-07 13:55:56.850","Binance",4,"Bid",116424.69,0.00054
"2025-08-07 13:55:56.850","Binance",3,"Bid",116424.7,0.00005
"2025-08-07 13:55:56.850","Binance",2,"Bid",116424.71,0.03203
"2025-08-07 13:55:56.850","Binance",1,"Bid",116424.72,6.96221
"2025-08-07 13:55:55.789","Binance",10,"Ask",116036.77,0.0002
"2025-08-07 13:55:55.789","Binance",9,"Ask",116036.76,0.0001
"2025-08-07 13:55:55.789","Binance",8,"Ask",116036.7,0.00005
"2025-08-07 13:55:55.789","Binance",7,"Ask",116036.69,0.0001
"2025-08-07 13:55:55.789","Binance",6,"Ask",116036.6,0.0002
"2025-08-07 13:55:55.789","Binance",5,"Ask",116036.01,0.00005
"2025-08-07 13:55:55.789","Binance",4,"Ask",116036,0.03205
"2025-08-07 13:55:55.789","Binance",3,"Ask",116035.99,0.0001
"2025-08-07 13:55:55.789","Binance",2,"Ask",116035.87,0.00009
"2025-08-07 13:55:55.789","Binance",1,"Ask",116035.85,3.04053
"2025-08-07 13:55:55.789","Binance",10,"Bid",116424.49,0.0001
"2025-08-07 13:55:55.789","Binance",9,"Bid",116424.54,0.00005
"2025-08-07 13:55:55.789","Binance",8,"Bid",116424.6,0.06536
"2025-08-07 13:55:55.789","Binance",7,"Bid",116424.61,0.0001
"2025-08-07 13:55:55.789","Binance",6,"Bid",116424.65,0.07918
"2025-08-07 13:55:55.789","Binance",5,"Bid",116424.66,0.0001
"2025-08-07 13:55:55.789","Binance",4,"Bid",116424.69,0.00054
"2025-08-07 13:55:55.789","Binance",3,"Bid",116424.7,0.00005
"2025-08-07 13:55:55.789","Binance",2,"Bid",116424.71,0.03203
"2025-08-07 13:55:55.789","Binance",1,"Bid",116424.72,6.96221
"2025-08-07 13:55:54.749","Binance",10,"Ask",116036.77,0.0002
"2025-08-07 13:55:54.749","Binance",9,"Ask",116036.76,0.0001
"2025-08-07 13:55:54.749","Binance",8,"Ask",116036.7,0.00005
"2025-08-07 13:55:54.749","Binance",7,"Ask",116036.69,0.0001
"2025-08-07 13:55:54.749","Binance",6,"Ask",116036.6,0.0002
"2025-08-07 13:55:54.749","Binance",5,"Ask",116036.01,0.00005
"2025-08-07 13:55:54.749","Binance",4,"Ask",116036,0.03205
"2025-08-07 13:55:54.749","Binance",3,"Ask",116035.99,0.0001
"2025-08-07 13:55:54.749","Binance",2,"Ask",116035.87,0.00009
"2025-08-07 13:55:54.749","Binance",1,"Ask",116035.85,3.04053
"2025-08-07 13:55:54.749","Binance",10,"Bid",116424.49,0.0001
"2025-08-07 13:55:54.749","Binance",9,"Bid",116424.54,0.00005
"2025-08-07 13:55:54.749","Binance",8,"Bid",116424.6,0.06536
"2025-08-07 13:55:54.749","Binance",7,"Bid",116424.61,0.0001
"2025-08-07 13:55:54.749","Binance",6,"Bid",116424.65,0.07918
"2025-08-07 13:55:54.749","Binance",5,"Bid",116424.66,0.0001
"2025-08-07 13:55:54.749","Binance",4,"Bid",116424.69,0.00054
"2025-08-07 13:55:54.749","Binance",3,"Bid",116424.7,0.00005
"2025-08-07 13:55:54.749","Binance",2,"Bid",116424.71,0.03203
"2025-08-07 13:55:54.749","Binance",1,"Bid",116424.72,6.96221
"2025-08-07 13:55:53.650","Binance",10,"Ask",116036.77,0.0002
"2025-08-07 13:55:53.650","Binance",9,"Ask",116036.76,0.0001
"2025-08-07 13:55:53.650","Binance",8,"Ask",116036.7,0.00005
"2025-08-07 13:55:53.650","Binance",7,"Ask",116036.69,0.0001
"2025-08-07 13:55:53.650","Binance",6,"Ask",116036.6,0.0002
"2025-08-07 13:55:53.650","Binance",5,"Ask",116036.01,0.00005
"2025-08-07 13:55:53.650","Binance",4,"Ask",116036,0.03205
"2025-08-07 13:55:53.650","Binance",3,"Ask",116035.99,0.0001
"2025-08-07 13:55:53.650","Binance",2,"Ask",116035.87,0.00009
"2025-08-07 13:55:53.650","Binance",1,"Ask",116035.85,3.04053
"2025-08-07 13:55:53.650","Binance",10,"Bid",116424.49,0.0001
"2025-08-07 13:55:53.650","Binance",9,"Bid",116424.54,0.00005
"2025-08-07 13:55:53.650","Binance",8,"Bid",116424.6,0.06536
"2025-08-07 13:55:53.650","Binance",7,"Bid",116424.61,0.0001
"2025-08-07 13:55:53.650","Binance",6,"Bid",116424.65,0.07918
"2025-08-07 13:55:53.650","Binance",5,"Bid",116424.66,0.0001
"2025-08-07 13:55:53.650","Binance",4,"Bid",116424.69,0.00054
"2025-08-07 13:55:53.650","Binance",3,"Bid",116424.7,0.00005
"2025-08-07 13:55:53.650","Binance",2,"Bid",116424.71,0.03203
"2025-08-07 13:55:53.650","Binance",1,"Bid",116424.72,6.96221
"2025-08-07 13:55:52.549","Binance",10,"Ask",116036.77,0.0002
"2025-08-07 13:55:52.549","Binance",9,"Ask",116036.76,0.0001
"2025-08-07 13:55:52.549","Binance",8,"Ask",116036.7,0.00005
"2025-08-07 13:55:52.549","Binance",7,"Ask",116036.69,0.0001
"2025-08-07 13:55:52.549","Binance",6,"Ask",116036.6,0.0002
"2025-08-07 13:55:52.549","Binance",5,"Ask",116036.01,0.00005
"2025-08-07 13:55:52.549","Binance",4,"Ask",116036,0.03205
"2025-08-07 13:55:52.549","Binance",3,"Ask",116035.99,0.0001
"2025-08-07 13:55:52.549","Binance",2,"Ask",116035.87,0.00009
"2025-08-07 13:55:52.549","Binance",1,"Ask",116035.85,3.04053
"2025-08-07 13:55:52.549","Binance",10,"Bid",116424.49,0.0001
"2025-08-07 13:55:52.549","Binance",9,"Bid",116424.54,0.00005
"2025-08-07 13:55:52.549","Binance",8,"Bid",116424.6,0.06536
"2025-08-07 13:55:52.549","Binance",7,"Bid",116424.61,0.0001
"2025-08-07 13:55:52.549","Binance",6,"Bid",116424.65,0.07918
"2025-08-07 13:55:52.549","Binance",5,"Bid",116424.66,0.0001
"2025-08-07 13:55:52.549","Binance",4,"Bid",116424.69,0.00054
"2025-08-07 13:55:52.549","Binance",3,"Bid",116424.7,0.00005
"2025-08-07 13:55:52.549","Binance",2,"Bid",116424.71,0.03203
"2025-08-07 13:55:52.549","Binance",1,"Bid",116424.72,6.96221
"2025-08-07 13:55:51.488","Binance",10,"Ask",116036.77,0.0002
"2025-08-07 13:55:51.488","Binance",9,"Ask",116036.76,0.0001
"2025-08-07 13:55:51.488","Binance",8,"Ask",116036.7,0.00005
"2025-08-07 13:55:51.488","Binance",7,"Ask",116036.69,0.0001
"2025-08-07 13:55:51.488","Binance",6,"Ask",116036.6,0.0002
"2025-08-07 13:55:51.488","Binance",5,"Ask",116036.01,0.00005
"2025-08-07 13:55:51.488","Binance",4,"Ask",116036,0.03205
"2025-08-07 13:55:51.488","Binance",3,"Ask",116035.99,0.0001
"2025-08-07 13:55:51.488","Binance",2,"Ask",116035.87,0.00009
"2025-08-07 13:55:51.488","Binance",1,"Ask",116035.85,3.04053
"2025-08-07 13:55:51.488","Binance",10,"Bid",116424.49,0.0001
"2025-08-07 13:55:51.488","Binance",9,"Bid",116424.54,0.00005
"2025-08-07 13:55:51.488","Binance",8,"Bid",116424.6,0.06536
"2025-08-07 13:55:51.488","Binance",7,"Bid",116424.61,0.0001
"2025-08-07 13:55:51.488","Binance",6,"Bid",116424.65,0.07918
"2025-08-07 13:55:51.488","Binance",5,"Bid",116424.66,0.0001
"2025-08-07 13:55:51.488","Binance",4,"Bid",116424.69,0.00054
"2025-08-07 13:55:51.488","Binance",3,"Bid",116424.7,0.00005
"2025-08-07 13:55:51.488","Binance",2,"Bid",116424.71,0.03203
"2025-08-07 13:55:51.488","Binance",1,"Bid",116424.72,6.96221
"2025-08-07 13:55:50.450","Binance",10,"Ask",116036.77,0.0002
"2025-08-07 13:55:50.450","Binance",9,"Ask",116036.76,0.0001
"2025-08-07 13:55:50.450","Binance",8,"Ask",116036.7,0.00005
"2025-08-07 13:55:50.450","Binance",7,"Ask",116036.69,0.0001
"2025-08-07 13:55:50.450","Binance",6,"Ask",116036.6,0.0002
"2025-08-07 13:55:50.450","Binance",5,"Ask",116036.01,0.00005
"2025-08-07 13:55:50.450","Binance",4,"Ask",116036,0.03205
"2025-08-07 13:55:50.450","Binance",3,"Ask",116035.99,0.0001
"2025-08-07 13:55:50.450","Binance",2,"Ask",116035.87,0.00009
"2025-08-07 13:55:50.450","Binance",1,"Ask",116035.85,3.04053
"2025-08-07 13:55:50.450","Binance",10,"Bid",116424.49,0.0001
"2025-08-07 13:55:50.450","Binance",9,"Bid",116424.54,0.00005
"2025-08-07 13:55:50.450","Binance",8,"Bid",116424.6,0.06536
"2025-08-07 13:55:50.450","Binance",7,"Bid",116424.61,0.0001
"2025-08-07 13:55:50.450","Binance",6,"Bid",116424.65,0.07918
"2025-08-07 13:55:50.450","Binance",5,"Bid",116424.66,0.0001
"2025-08-07 13:55:50.450","Binance",4,"Bid",116424.69,0.00054
"2025-08-07 13:55:50.450","Binance",3,"Bid",116424.7,0.00005
"2025-08-07 13:55:50.450","Binance",2,"Bid",116424.71,0.03203
"2025-08-07 13:55:50.450","Binance",1,"Bid",116424.72,6.96221
"2025-08-07 13:55:49.349","Binance",10,"Ask",116036.77,0.0002
"2025-08-07 13:55:49.349","Binance",9,"Ask",116036.76,0.0001
"2025-08-07 13:55:49.349","Binance",8,"Ask",116036.7,0.00005
"2025-08-07 13:55:49.349","Binance",7,"Ask",116036.69,0.0001
"2025-08-07 13:55:49.349","Binance",6,"Ask",116036.6,0.0002
"2025-08-07 13:55:49.349","Binance",5,"Ask",116036.01,0.00005
"2025-08-07 13:55:49.349","Binance",4,"Ask",116036,0.03205
"2025-08-07 13:55:49.349","Binance",3,"Ask",116035.99,0.0001
"2025-08-07 13:55:49.349","Binance",2,"Ask",116035.87,0.00009
"2025-08-07 13:55:49.349","Binance",1,"Ask",116035.85,3.04053
"2025-08-07 13:55:49.349","Binance",10,"Bid",116424.49,0.0001
"2025-08-07 13:55:49.349","Binance",9,"Bid",116424.54,0.00005
"2025-08-07 13:55:49.349","Binance",8,"Bid",116424.6,0.06536
"2025-08-07 13:55:49.349","Binance",7,"Bid",116424.61,0.0001
"2025-08-07 13:55:49.349","Binance",6,"Bid",116424.65,0.07918
"2025-08-07 13:55:49.349","Binance",5,"Bid",116424.66,0.0001
"2025-08-07 13:55:49.349","Binance",4,"Bid",116424.69,0.00054
"2025-08-07 13:55:49.349","Binance",3,"Bid",116424.7,0.00005
"2025-08-07 13:55:49.349","Binance",2,"Bid",116424.71,0.03203
"2025-08-07 13:55:49.349","Binance",1,"Bid",116424.72,6.96221
"2025-08-07 13:55:48.249","Binance",10,"Ask",116036.77,0.0002
"2025-08-07 13:55:48.249","Binance",9,"Ask",116036.76,0.0001
"2025-08-07 13:55:48.249","Binance",8,"Ask",116036.7,0.00005
"2025-08-07 13:55:48.249","Binance",7,"Ask",116036.69,0.0001
"2025-08-07 13:55:48.249","Binance",6,"Ask",116036.6,0.0002
"2025-08-07 13:55:48.249","Binance",5,"Ask",116036.01,0.00005
"2025-08-07 13:55:48.249","Binance",4,"Ask",116036,0.03205
"2025-08-07 13:55:48.249","Binance",3,"Ask",116035.99,0.0001
"2025-08-07 13:55:48.249","Binance",2,"Ask",116035.87,0.00009
"2025-08-07 13:55:48.249","Binance",1,"Ask",116035.85,3.04053
"2025-08-07 13:55:48.249","Binance",10,"Bid",116424.49,0.0001
"2025-08-07 13:55:48.249","Binance",9,"Bid",116424.54,0.00005
"2025-08-07 13:55:48.249","Binance",8,"Bid",116424.6,0.06536
"2025-08-07 13:55:48.249","Binance",7,"Bid",116424.61,0.0001
"2025-08-07 13:55:48.249","Binance",6,"Bid",116424.65,0.07918
"2025-08-07 13:55:48.249","Binance",5,"Bid",116424.66,0.0001
"2025-08-07 13:55:48.249","Binance",4,"Bid",116424.69,0.00054
"2025-08-07 13:55:48.249","Binance",3,"Bid",116424.7,0.00005
"2025-08-07 13:55:48.249","Binance",2,"Bid",116424.71,0.03203
"2025-08-07 13:55:48.249","Binance",1,"Bid",116424.72,6.96221
"2025-08-07 13:55:47.149","Binance",10,"Ask",116036.77,0.0002
"2025-08-07 13:55:47.149","Binance",9,"Ask",116036.76,0.0001
"2025-08-07 13:55:47.149","Binance",8,"Ask",116036.7,0.00005
"2025-08-07 13:55:47.149","Binance",7,"Ask",116036.69,0.0001
"2025-08-07 13:55:47.149","Binance",6,"Ask",116036.6,0.0002
"2025-08-07 13:55:47.149","Binance",5,"Ask",116036.01,0.00005
"2025-08-07 13:55:47.149","Binance",4,"Ask",116036,0.03205
"2025-08-07 13:55:47.149","Binance",3,"Ask",116035.99,0.0001
"2025-08-07 13:55:47.149","Binance",2,"Ask",116035.87,0.00009
"2025-08-07 13:55:47.149","Binance",1,"Ask",116035.85,3.04053
"2025-08-07 13:55:47.149","Binance",10,"Bid",116424.49,0.0001
"2025-08-07 13:55:47.149","Binance",9,"Bid",116424.54,0.00005
"2025-08-07 13:55:47.149","Binance",8,"Bid",116424.6,0.06536
"2025-08-07 13:55:47.149","Binance",7,"Bid",116424.61,0.0001
"2025-08-07 13:55:47.149","Binance",6,"Bid",116424.65,0.07918
"2025-08-07 13:55:47.149","Binance",5,"Bid",116424.66,0.0001
"2025-08-07 13:55:47.149","Binance",4,"Bid",116424.69,0.00054
"2025-08-07 13:55:47.149","Binance",3,"Bid",116424.7,0.00005
"2025-08-07 13:55:47.149","Binance",2,"Bid",116424.71,0.03203
"2025-08-07 13:55:47.149","Binance",1,"Bid",116424.72,6.96221
"2025-08-07 13:55:46.050","Binance",10,"Ask",116036.77,0.0002
"2025-08-07 13:55:46.050","Binance",9,"Ask",116036.76,0.0001
"2025-08-07 13:55:46.050","Binance",8,"Ask",116036.7,0.00005
"2025-08-07 13:55:46.050","Binance",7,"Ask",116036.69,0.0001
"2025-08-07 13:55:46.050","Binance",6,"Ask",116036.6,0.0002
"2025-08-07 13:55:46.050","Binance",5,"Ask",116036.01,0.00005
"2025-08-07 13:55:46.050","Binance",4,"Ask",116036,0.03205
"2025-08-07 13:55:46.050","Binance",3,"Ask",116035.99,0.0001
"2025-08-07 13:55:46.050","Binance",2,"Ask",116035.87,0.00009
"2025-08-07 13:55:46.050","Binance",1,"Ask",116035.85,3.04053
"2025-08-07 13:55:46.050","Binance",10,"Bid",116424.49,0.0001
"2025-08-07 13:55:46.050","Binance",9,"Bid",116424.54,0.00005
"2025-08-07 13:55:46.050","Binance",8,"Bid",116424.6,0.06536
"2025-08-07 13:55:46.050","Binance",7,"Bid",116424.61,0.0001
"2025-08-07 13:55:46.050","Binance",6,"Bid",116424.65,0.07918
"2025-08-07 13:55:46.050","Binance",5,"Bid",116424.66,0.0001
"2025-08-07 13:55:46.050","Binance",4,"Bid",116424.69,0.00054
"2025-08-07 13:55:46.050","Binance",3,"Bid",116424.7,0.00005
"2025-08-07 13:55:46.050","Binance",2,"Bid",116424.71,0.03203
"2025-08-07 13:55:46.050","Binance",1,"Bid",116424.72,6.96221
"2025-08-07 13:55:44.948","Binance",10,"Ask",116036.77,0.0002
"2025-08-07 13:55:44.948","Binance",9,"Ask",116036.76,0.0001
"2025-08-07 13:55:44.948","Binance",8,"Ask",116036.7,0.00005
"2025-08-07 13:55:44.948","Binance",7,"Ask",116036.69,0.0001
"2025-08-07 13:55:44.948","Binance",6,"Ask",116036.6,0.0002
"2025-08-07 13:55:44.948","Binance",5,"Ask",116036.01,0.00005
"2025-08-07 13:55:44.948","Binance",4,"Ask",116036,0.03205
"2025-08-07 13:55:44.948","Binance",3,"Ask",116035.99,0.0001
"2025-08-07 13:55:44.948","Binance",2,"Ask",116035.87,0.00009
"2025-08-07 13:55:44.948","Binance",1,"Ask",116035.85,3.04053
"2025-08-07 13:55:44.948","Binance",10,"Bid",116424.49,0.0001
"2025-08-07 13:55:44.948","Binance",9,"Bid",116424.54,0.00005
"2025-08-07 13:55:44.948","Binance",8,"Bid",116424.6,0.06536
"2025-08-07 13:55:44.948","Binance",7,"Bid",116424.61,0.0001
"2025-08-07 13:55:44.948","Binance",6,"Bid",116424.65,0.07918
"2025-08-07 13:55:44.948","Binance",5,"Bid",116424.66,0.0001
"2025-08-07 13:55:44.948","Binance",4,"Bid",116424.69,0.00054
"2025-08-07 13:55:44.948","Binance",3,"Bid",116424.7,0.00005
"2025-08-07 13:55:44.948","Binance",2,"Bid",116424.71,0.03203
"2025-08-07 13:55:44.948","Binance",1,"Bid",116424.72,6.96221
"2025-08-07 13:55:43.849","Binance",10,"Ask",116036.77,0.0002
"2025-08-07 13:55:43.849","Binance",9,"Ask",116036.76,0.0001
"2025-08-07 13:55:43.849","Binance",8,"Ask",116036.7,0.00005
"2025-08-07 13:55:43.849","Binance",7,"Ask",116036.69,0.0001
"2025-08-07 13:55:43.849","Binance",6,"Ask",116036.6,0.0002
"2025-08-07 13:55:43.849","Binance",5,"Ask",116036.01,0.00005
"2025-08-07 13:55:43.849","Binance",4,"Ask",116036,0.03205
"2025-08-07 13:55:43.849","Binance",3,"Ask",116035.99,0.0001
"2025-08-07 13:55:43.849","Binance",2,"Ask",116035.87,0.00009
"2025-08-07 13:55:43.849","Binance",1,"Ask",116035.85,3.04053
"2025-08-07 13:55:43.849","Binance",10,"Bid",116424.49,0.0001
"2025-08-07 13:55:43.849","Binance",9,"Bid",116424.54,0.00005
"2025-08-07 13:55:43.849","Binance",8,"Bid",116424.6,0.06536
"2025-08-07 13:55:43.849","Binance",7,"Bid",116424.61,0.0001
"2025-08-07 13:55:43.849","Binance",6,"Bid",116424.65,0.07918
"2025-08-07 13:55:43.849","Binance",5,"Bid",116424.66,0.0001
"2025-08-07 13:55:43.849","Binance",4,"Bid",116424.69,0.00054
"2025-08-07 13:55:43.849","Binance",3,"Bid",116424.7,0.00005
"2025-08-07 13:55:43.849","Binance",2,"Bid",116424.71,0.03203
"2025-08-07 13:55:43.849","Binance",1,"Bid",116424.72,6.96221
"2025-08-07 13:55:42.748","Binance",10,"Ask",116036.77,0.0002
"2025-08-07 13:55:42.748","Binance",9,"Ask",116036.76,0.0001
"2025-08-07 13:55:42.748","Binance",8,"Ask",116036.7,0.00005
"2025-08-07 13:55:42.748","Binance",7,"Ask",116036.69,0.0001
"2025-08-07 13:55:42.748","Binance",6,"Ask",116036.6,0.0002
"2025-08-07 13:55:42.748","Binance",5,"Ask",116036.01,0.00005
"2025-08-07 13:55:42.748","Binance",4,"Ask",116036,0.03205
"2025-08-07 13:55:42.748","Binance",3,"Ask",116035.99,0.0001
"2025-08-07 13:55:42.748","Binance",2,"Ask",116035.87,0.00009
"2025-08-07 13:55:42.748","Binance",1,"Ask",116035.85,3.04053
"2025-08-07 13:55:42.748","Binance",10,"Bid",116424.49,0.0001
"2025-08-07 13:55:42.748","Binance",9,"Bid",116424.54,0.00005
"2025-08-07 13:55:42.748","Binance",8,"Bid",116424.6,0.06536
"2025-08-07 13:55:42.748","Binance",7,"Bid",116424.61,0.0001
"2025-08-07 13:55:42.748","Binance",6,"Bid",116424.65,0.07918
"2025-08-07 13:55:42.748","Binance",5,"Bid",116424.66,0.0001
"2025-08-07 13:55:42.748","Binance",4,"Bid",116424.69,0.00054
"2025-08-07 13:55:42.748","Binance",3,"Bid",116424.7,0.00005
"2025-08-07 13:55:42.748","Binance",2,"Bid",116424.71,0.03203
"2025-08-07 13:55:42.748","Binance",1,"Bid",116424.72,6.96221
"2025-08-07 13:55:41.649","Binance",10,"Ask",116036.77,0.0002
"2025-08-07 13:55:41.649","Binance",9,"Ask",116036.76,0.0001
"2025-08-07 13:55:41.649","Binance",8,"Ask",116036.7,0.00005
"2025-08-07 13:55:41.649","Binance",7,"Ask",116036.69,0.0001
"2025-08-07 13:55:41.649","Binance",6,"Ask",116036.6,0.0002
"2025-08-07 13:55:41.649","Binance",5,"Ask",116036.01,0.00005
"2025-08-07 13:55:41.649","Binance",4,"Ask",116036,0.03205
"2025-08-07 13:55:41.649","Binance",3,"Ask",116035.99,0.0001
"2025-08-07 13:55:41.649","Binance",2,"Ask",116035.87,0.00009
"2025-08-07 13:55:41.649","Binance",1,"Ask",116035.85,3.04053
"2025-08-07 13:55:41.649","Binance",10,"Bid",116424.49,0.0001
"2025-08-07 13:55:41.649","Binance",9,"Bid",116424.54,0.00005
"2025-08-07 13:55:41.649","Binance",8,"Bid",116424.6,0.06536
"2025-08-07 13:55:41.649","Binance",7,"Bid",116424.61,0.0001
"2025-08-07 13:55:41.649","Binance",6,"Bid",116424.65,0.07918
"2025-08-07 13:55:41.649","Binance",5,"Bid",116424.66,0.0001
"2025-08-07 13:55:41.649","Binance",4,"Bid",116424.69,0.00054
"2025-08-07 13:55:41.649","Binance",3,"Bid",116424.7,0.00005
"2025-08-07 13:55:41.649","Binance",2,"Bid",116424.71,0.03203
"2025-08-07 13:55:41.649","Binance",1,"Bid",116424.72,6.96221
"2025-08-07 13:55:40.549","Binance",10,"Ask",116036.77,0.0002
"2025-08-07 13:55:40.549","Binance",9,"Ask",116036.76,0.0001
"2025-08-07 13:55:40.549","Binance",8,"Ask",116036.7,0.00005
"2025-08-07 13:55:40.549","Binance",7,"Ask",116036.69,0.0001
"2025-08-07 13:55:40.549","Binance",6,"Ask",116036.6,0.0002
"2025-08-07 13:55:40.549","Binance",5,"Ask",116036.01,0.00005
"2025-08-07 13:55:40.549","Binance",4,"Ask",116036,0.03205
"2025-08-07 13:55:40.549","Binance",3,"Ask",116035.99,0.0001
"2025-08-07 13:55:40.549","Binance",2,"Ask",116035.87,0.00009
"2025-08-07 13:55:40.549","Binance",1,"Ask",116035.85,3.04053
"2025-08-07 13:55:40.549","Binance",10,"Bid",116424.49,0.0001
"2025-08-07 13:55:40.549","Binance",9,"Bid",116424.54,0.00005
"2025-08-07 13:55:40.549","Binance",8,"Bid",116424.6,0.06536
"2025-08-07 13:55:40.549","Binance",7,"Bid",116424.61,0.0001
"2025-08-07 13:55:40.549","Binance",6,"Bid",116424.65,0.07918
"2025-08-07 13:55:40.549","Binance",5,"Bid",116424.66,0.0001
"2025-08-07 13:55:40.549","Binance",4,"Bid",116424.69,0.00054
"2025-08-07 13:55:40.549","Binance",3,"Bid",116424.7,0.00005
"2025-08-07 13:55:40.549","Binance",2,"Bid",116424.71,0.03203
"2025-08-07 13:55:40.549","Binance",1,"Bid",116424.72,6.96221
"2025-08-07 13:55:39.448","Binance",10,"Ask",116036.77,0.0002
"2025-08-07 13:55:39.448","Binance",9,"Ask",116036.76,0.0001
"2025-08-07 13:55:39.448","Binance",8,"Ask",116036.7,0.00005
"2025-08-07 13:55:39.448","Binance",7,"Ask",116036.69,0.0001
"2025-08-07 13:55:39.448","Binance",6,"Ask",116036.6,0.0002
"2025-08-07 13:55:39.448","Binance",5,"Ask",116036.01,0.00005
"2025-08-07 13:55:39.448","Binance",4,"Ask",116036,0.03205
"2025-08-07 13:55:39.448","Binance",3,"Ask",116035.99,0.0001
"2025-08-07 13:55:39.448","Binance",2,"Ask",116035.87,0.00009
"2025-08-07 13:55:39.448","Binance",1,"Ask",116035.85,3.04053
"2025-08-07 13:55:39.448","Binance",10,"Bid",116424.49,0.0001
"2025-08-07 13:55:39.448","Binance",9,"Bid",116424.54,0.00005
"2025-08-07 13:55:39.448","Binance",8,"Bid",116424.6,0.06536
"2025-08-07 13:55:39.448","Binance",7,"Bid",116424.61,0.0001
"2025-08-07 13:55:39.448","Binance",6,"Bid",116424.65,0.07918
"2025-08-07 13:55:39.448","Binance",5,"Bid",116424.66,0.0001
"2025-08-07 13:55:39.448","Binance",4,"Bid",116424.69,0.00054
"2025-08-07 13:55:39.448","Binance",3,"Bid",116424.7,0.00005
"2025-08-07 13:55:39.448","Binance",2,"Bid",116424.71,0.03203
"2025-08-07 13:55:39.448","Binance",1,"Bid",116424.72,6.96221
"2025-08-07 13:55:38.386","Binance",10,"Ask",116036.77,0.0002
"2025-08-07 13:55:38.386","Binance",9,"Ask",116036.76,0.0001
"2025-08-07 13:55:38.386","Binance",8,"Ask",116036.7,0.00005
"2025-08-07 13:55:38.386","Binance",7,"Ask",116036.69,0.0001
"2025-08-07 13:55:38.386","Binance",6,"Ask",116036.6,0.0002
"2025-08-07 13:55:38.386","Binance",5,"Ask",116036.01,0.00005
"2025-08-07 13:55:38.386","Binance",4,"Ask",116036,0.03205
"2025-08-07 13:55:38.386","Binance",3,"Ask",116035.99,0.0001
"2025-08-07 13:55:38.386","Binance",2,"Ask",116035.87,0.00009
"2025-08-07 13:55:38.386","Binance",1,"Ask",116035.85,3.04053
"2025-08-07 13:55:38.386","Binance",10,"Bid",116424.49,0.0001
"2025-08-07 13:55:38.386","Binance",9,"Bid",116424.54,0.00005
"2025-08-07 13:55:38.386","Binance",8,"Bid",116424.6,0.06536
"2025-08-07 13:55:38.386","Binance",7,"Bid",116424.61,0.0001
"2025-08-07 13:55:38.386","Binance",6,"Bid",116424.65,0.07918
"2025-08-07 13:55:38.386","Binance",5,"Bid",116424.66,0.0001
"2025-08-07 13:55:38.386","Binance",4,"Bid",116424.69,0.00054
"2025-08-07 13:55:38.386","Binance",3,"Bid",116424.7,0.00005
"2025-08-07 13:55:38.386","Binance",2,"Bid",116424.71,0.03203
"2025-08-07 13:55:38.386","Binance",1,"Bid",116424.72,6.96221
"2025-08-07 13:55:36.949","Binance",10,"Ask",116036.77,0.0002
"2025-08-07 13:55:36.949","Binance",9,"Ask",116036.76,0.0001
"2025-08-07 13:55:36.949","Binance",8,"Ask",116036.7,0.00005
"2025-08-07 13:55:36.949","Binance",7,"Ask",116036.69,0.0001
"2025-08-07 13:55:36.949","Binance",6,"Ask",116036.6,0.0002
"2025-08-07 13:55:36.949","Binance",5,"Ask",116036.01,0.00005
"2025-08-07 13:55:36.949","Binance",4,"Ask",116036,0.03205
"2025-08-07 13:55:36.949","Binance",3,"Ask",116035.99,0.0001
"2025-08-07 13:55:36.949","Binance",2,"Ask",116035.87,0.00009
"2025-08-07 13:55:36.949","Binance",1,"Ask",116035.85,3.04053
"2025-08-07 13:55:36.949","Binance",10,"Bid",116424.49,0.0001
"2025-08-07 13:55:36.949","Binance",9,"Bid",116424.54,0.00005
"2025-08-07 13:55:36.949","Binance",8,"Bid",116424.6,0.06536
"2025-08-07 13:55:36.949","Binance",7,"Bid",116424.61,0.0001
"2025-08-07 13:55:36.949","Binance",6,"Bid",116424.65,0.07918
"2025-08-07 13:55:36.949","Binance",5,"Bid",116424.66,0.0001
"2025-08-07 13:55:36.949","Binance",4,"Bid",116424.69,0.00054
"2025-08-07 13:55:36.949","Binance",3,"Bid",116424.7,0.00005
"2025-08-07 13:55:36.949","Binance",2,"Bid",116424.71,0.03203
"2025-08-07 13:55:36.949","Binance",1,"Bid",116424.72,6.96221
"2025-08-07 13:55:35.848","Binance",10,"Ask",116036.77,0.0002
"2025-08-07 13:55:35.848","Binance",9,"Ask",116036.76,0.0001
"2025-08-07 13:55:35.848","Binance",8,"Ask",116036.7,0.00005
"2025-08-07 13:55:35.848","Binance",7,"Ask",116036.69,0.0001
"2025-08-07 13:55:35.848","Binance",6,"Ask",116036.6,0.0002
"2025-08-07 13:55:35.848","Binance",5,"Ask",116036.01,0.00005
"2025-08-07 13:55:35.848","Binance",4,"Ask",116036,0.03205
"2025-08-07 13:55:35.848","Binance",3,"Ask",116035.99,0.0001
"2025-08-07 13:55:35.848","Binance",2,"Ask",116035.87,0.00009
"2025-08-07 13:55:35.848","Binance",1,"Ask",116035.85,3.04053
"2025-08-07 13:55:35.848","Binance",10,"Bid",116424.49,0.0001
"2025-08-07 13:55:35.848","Binance",9,"Bid",116424.54,0.00005
"2025-08-07 13:55:35.848","Binance",8,"Bid",116424.6,0.06536
"2025-08-07 13:55:35.848","Binance",7,"Bid",116424.61,0.0001
"2025-08-07 13:55:35.848","Binance",6,"Bid",116424.65,0.07918
"2025-08-07 13:55:35.848","Binance",5,"Bid",116424.66,0.0001
"2025-08-07 13:55:35.848","Binance",4,"Bid",116424.69,0.00054
"2025-08-07 13:55:35.848","Binance",3,"Bid",116424.7,0.00005
"2025-08-07 13:55:35.848","Binance",2,"Bid",116424.71,0.03203
"2025-08-07 13:55:35.848","Binance",1,"Bid",116424.72,6.96221
"2025-08-07 13:55:34.748","Binance",10,"Ask",116036.77,0.0002
"2025-08-07 13:55:34.748","Binance",9,"Ask",116036.76,0.0001
"2025-08-07 13:55:34.748","Binance",8,"Ask",116036.7,0.00005
"2025-08-07 13:55:34.748","Binance",7,"Ask",116036.69,0.0001
"2025-08-07 13:55:34.748","Binance",6,"Ask",116036.6,0.0002
"2025-08-07 13:55:34.748","Binance",5,"Ask",116036.01,0.00005
"2025-08-07 13:55:34.748","Binance",4,"Ask",116036,0.03205
"2025-08-07 13:55:34.748","Binance",3,"Ask",116035.99,0.0001
"2025-08-07 13:55:34.748","Binance",2,"Ask",116035.87,0.00009
"2025-08-07 13:55:34.748","Binance",1,"Ask",116035.85,3.04053
"2025-08-07 13:55:34.748","Binance",10,"Bid",116424.49,0.0001
"2025-08-07 13:55:34.748","Binance",9,"Bid",116424.54,0.00005
"2025-08-07 13:55:34.748","Binance",8,"Bid",116424.6,0.06536
"2025-08-07 13:55:34.748","Binance",7,"Bid",116424.61,0.0001
"2025-08-07 13:55:34.748","Binance",6,"Bid",116424.65,0.07918
"2025-08-07 13:55:34.748","Binance",5,"Bid",116424.66,0.0001
"2025-08-07 13:55:34.748","Binance",4,"Bid",116424.69,0.00054
"2025-08-07 13:55:34.748","Binance",3,"Bid",116424.7,0.00005
"2025-08-07 13:55:34.748","Binance",2,"Bid",116424.71,0.03203
"2025-08-07 13:55:34.748","Binance",1,"Bid",116424.72,6.96221
"2025-08-07 13:55:33.649","Binance",10,"Ask",116036.77,0.0002
"2025-08-07 13:55:33.649","Binance",9,"Ask",116036.76,0.0001
"2025-08-07 13:55:33.649","Binance",8,"Ask",116036.7,0.00005
"2025-08-07 13:55:33.649","Binance",7,"Ask",116036.69,0.0001